Model,MAE,RMSE,R2_Score,Accuracy_Percentage,Selected_Features
AIS Random Forest,1473.2539164902942,1817.0119176053265,0.6922289001810908,69.22289001810908,6
AIS Neural Network,2391.1840995043376,2971.844717942499,0.1766878746812086,17.66878746812086,6
