Model,MAE,RMSE,R2_Score,Accuracy_Percentage,Selected_Features
CSA Random Forest,1476.9545044287047,1827.4225270808709,0.6886920343700723,68.86920343700723,4
CSA Neural Network,1832.2227021537678,2531.720599670083,0.4024918471701907,40.24918471701907,4
