Model,MAE,RMSE,R2_Score,Accuracy_Percentage,Selected_Features
PSO Random Forest,1458.0391629834137,1853.2743513215844,0.6798218319155287,67.98218319155286,6
PSO Neural Network,2096.1493335288997,2925.692685338791,0.20206099165079405,20.206099165079404,6
