Model,MAE,RMSE,R2_Score,Accuracy_Percentage
Random Forest,1733.0381689823148,2145.9315749465595,0.57071666943456,57.071666943456
Gradient Boosting,2115.7372417530687,3050.4410532974553,0.13256376638565426,13.256376638565426
Decision Tree,3259.612686023487,4207.37398458638,-0.6501921596155507,0.0
Neural Network,2613.969648521118,3437.4698322827435,-0.10151413798919107,0.0
